name of the place,category,latitude,longitude,description,timings,Place,Category,Timings,tags,rating
Sri Venkateswara Tiffin Center,Food Place,13.6288,79.4192,Popular breakfast spot. A beloved dining destination offering a wide variety of fresh and delicious meals. The serene atmosphere and prompt service ensure a delightful experience. Perfect for family dinners or a relaxing meal after a long day of sightseeing.,06:00-11:00 | 12:00-15:00 | 18:00-23:00,general tirupati tourism,4.0,,,
Mayura Restaurant,Food Place,13.6315,79.4195,Vegetarian meals served. A beloved dining destination offering a wide variety of fresh and delicious meals. The serene atmosphere and prompt service ensure a delightful experience. Perfect for family dinners or a relaxing meal after a long day of sightseeing.,12:00-15:00 | 18:00-23:00,general tirupati tourism,4.0,,,
Minerva Coffee Shop,Food Place,13.632,79.42,"Coffee snacks hub. Experience authentic local flavors with a perfect blend of spices. This establishment is known for its hygienic preparation and warm hospitality, making it a favorite among both locals and tourists. The ambiance perfectly complements the traditional dining experience.",07:00-10:30 | 12:00-15:00 | 18:00-22:00,general tirupati tourism,4.0,,,
Hotel Bliss Restaurant,Food Place,13.6312,79.4178,Multi cuisine dining. A beloved dining destination offering a wide variety of fresh and delicious meals. The serene atmosphere and prompt service ensure a delightful experience. Perfect for family dinners or a relaxing meal after a long day of sightseeing.,12:00-14:30 | 18:00-22:00,general tirupati tourism,4.0,,,
Saravana Bhavan,Food Place,13.6305,79.4189,South indian meals. A beloved dining destination offering a wide variety of fresh and delicious meals. The serene atmosphere and prompt service ensure a delightful experience. Perfect for family dinners or a relaxing meal after a long day of sightseeing.,07:00-11:00 | 12:00-15:00 | 18:00-23:00,general tirupati tourism,4.0,,,
Bhimas Deluxe,Food Place,13.6331,79.4212,Family dining place. A beloved dining destination offering a wide variety of fresh and delicious meals. The serene atmosphere and prompt service ensure a delightful experience. Perfect for family dinners or a relaxing meal after a long day of sightseeing.,12:00-15:00 | 18:00-23:00,general tirupati tourism,4.0,,,
Woodside Restaurant,Food Place,13.6299,79.4167,"Premium veg restaurant. Experience authentic local flavors with a perfect blend of spices. This establishment is known for its hygienic preparation and warm hospitality, making it a favorite among both locals and tourists. The ambiance perfectly complements the traditional dining experience.",12:00-15:00 | 18:00-23:00,general tirupati tourism,4.0,,,
Sri Lakshmi Narayana Bhavan,Food Place,13.628,79.419,"Traditional breakfast items. Experience authentic local flavors with a perfect blend of spices. This establishment is known for its hygienic preparation and warm hospitality, making it a favorite among both locals and tourists. The ambiance perfectly complements the traditional dining experience.",07:00-10:00 | 12:00-15:00 | 18:00-23:00,general tirupati tourism,4.0,,,
Hotel PLR Grand Restaurant,Food Place,13.6317,79.4182,"Buffet style dining. Experience authentic local flavors with a perfect blend of spices. This establishment is known for its hygienic preparation and warm hospitality, making it a favorite among both locals and tourists. The ambiance perfectly complements the traditional dining experience.",12:00-15:00 | 18:00-23:00,general tirupati tourism,4.0,,,
Udayee International Restaurant,Food Place,13.6322,79.4208,"Multi cuisine buffet. Savor mouth-watering delicacies prepared by expert chefs using generations-old recipes. Whether you are looking for a quick bite or a lavish meal, this place offers an unforgettable culinary journey. Highly recommended for food lovers visiting Tirupati.",12:00-14:30 | 18:00-22:00,general tirupati tourism,4.0,,,
Ramee Guestline Restaurant,Food Place,13.6295,79.4175,"Luxury dining experience. Experience authentic local flavors with a perfect blend of spices. This establishment is known for its hygienic preparation and warm hospitality, making it a favorite among both locals and tourists. The ambiance perfectly complements the traditional dining experience.",12:00-15:00 | 18:00-23:00,general tirupati tourism,4.0,,,
Andhra Spice Restaurant,Food Place,13.6309,79.4198,"Spicy andhra meals. Savor mouth-watering delicacies prepared by expert chefs using generations-old recipes. Whether you are looking for a quick bite or a lavish meal, this place offers an unforgettable culinary journey. Highly recommended for food lovers visiting Tirupati.",12:00-14:30 | 18:00-22:00,general tirupati tourism,4.0,,,
Tirupati Food Plaza,Food Place,13.6298,79.4203,"Quick service meals. Savor mouth-watering delicacies prepared by expert chefs using generations-old recipes. Whether you are looking for a quick bite or a lavish meal, this place offers an unforgettable culinary journey. Highly recommended for food lovers visiting Tirupati.",07:00-22:00,general tirupati tourism,4.0,,,
Sai Annapurna Mess,Food Place,13.6289,79.4181,Simple veg meals. A beloved dining destination offering a wide variety of fresh and delicious meals. The serene atmosphere and prompt service ensure a delightful experience. Perfect for family dinners or a relaxing meal after a long day of sightseeing.,12:00-14:00 | 18:00-21:00,general tirupati tourism,4.0,,,
Sri Balaji Woodlands,Food Place,13.631,79.4196,"Tiffin and meals. Savor mouth-watering delicacies prepared by expert chefs using generations-old recipes. Whether you are looking for a quick bite or a lavish meal, this place offers an unforgettable culinary journey. Highly recommended for food lovers visiting Tirupati.",07:00-10:30 | 12:00-15:00 | 18:00-23:00,general tirupati tourism,4.0,,,
Hotel Sindhuri Restaurant,Food Place,13.6302,79.4187,Budget friendly meals. A beloved dining destination offering a wide variety of fresh and delicious meals. The serene atmosphere and prompt service ensure a delightful experience. Perfect for family dinners or a relaxing meal after a long day of sightseeing.,12:00-15:00 | 18:00-22:00,general tirupati tourism,4.0,,,
Hotel Bhimas Paradise,Food Place,13.6335,79.4215,Family dining meals. A beloved dining destination offering a wide variety of fresh and delicious meals. The serene atmosphere and prompt service ensure a delightful experience. Perfect for family dinners or a relaxing meal after a long day of sightseeing.,12:00-15:00 | 18:00-23:00,general tirupati tourism,4.0,,,
Sri Venkateswara Fast Food,Food Place,13.6287,79.4193,"Evening snacks hub. Experience authentic local flavors with a perfect blend of spices. This establishment is known for its hygienic preparation and warm hospitality, making it a favorite among both locals and tourists. The ambiance perfectly complements the traditional dining experience.",16:00-22:00,general tirupati tourism,4.0,,,
Balaji Fast Food Center,Food Place,13.6291,79.4185,"Street food varieties. Experience authentic local flavors with a perfect blend of spices. This establishment is known for its hygienic preparation and warm hospitality, making it a favorite among both locals and tourists. The ambiance perfectly complements the traditional dining experience.",17:00-22:00,general tirupati tourism,4.0,,,
Annapurna Tiffins,Food Place,13.6286,79.4191,"Quick breakfast items. Experience authentic local flavors with a perfect blend of spices. This establishment is known for its hygienic preparation and warm hospitality, making it a favorite among both locals and tourists. The ambiance perfectly complements the traditional dining experience.",06:00-10:00 | 12:00-15:00 | 18:00-23:00,general tirupati tourism,4.0,,,
Talakona Forest Trek,Adventure Place,13.802,79.21,"Forest trekking experience. A fantastic outdoor destination that promises adventure and spectacular natural vistas. Whether you are a beginner or an experienced explorer, the trails here offer something for everyone. A great way to connect with nature.",09:00-21:00,general tirupati tourism,4.0,,,
Talakona Waterfall Trek,Adventure Place,13.8025,79.2095,Waterfall trekking trail. Embark on an exhilarating journey through scenic landscapes and lush greenery. This spot is perfect for nature enthusiasts and thrill-seekers looking to escape the city hustle. Ensure you carry adequate water and wear comfortable trekking shoes.,09:00-21:00,general tirupati tourism,4.0,,,
Sri Vari Mettu Trek,Adventure Place,13.635,79.345,"Sacred trekking path. Discover the raw beauty of nature with breathtaking views and challenging terrains. It is an ideal location for photography, group outings, and experiencing the great outdoors. The fresh air and natural serenity are truly rejuvenating.",09:00-21:00,general tirupati tourism,4.0,,,
Alipiri Footpath Trek,Adventure Place,13.628,79.41,"Hill climbing route. A fantastic outdoor destination that promises adventure and spectacular natural vistas. Whether you are a beginner or an experienced explorer, the trails here offer something for everyone. A great way to connect with nature.",09:00-21:00,general tirupati tourism,4.0,,,
Chandragiri Fort Trek,Adventure Place,13.585,79.318,"Fort hiking trail. A fantastic outdoor destination that promises adventure and spectacular natural vistas. Whether you are a beginner or an experienced explorer, the trails here offer something for everyone. A great way to connect with nature.",09:00-21:00,general tirupati tourism,4.0,,,
Kapila Teertham Trail,Adventure Place,13.6358,79.4183,Waterfall hiking path. Embark on an exhilarating journey through scenic landscapes and lush greenery. This spot is perfect for nature enthusiasts and thrill-seekers looking to escape the city hustle. Ensure you carry adequate water and wear comfortable trekking shoes.,09:00-21:00,general tirupati tourism,4.0,,,
Tirumala Hills Cycling,Adventure Place,13.683,79.35,"Hill cycling route. A fantastic outdoor destination that promises adventure and spectacular natural vistas. Whether you are a beginner or an experienced explorer, the trails here offer something for everyone. A great way to connect with nature.",09:00-21:00,general tirupati tourism,4.0,,,
Papavinasam Trek,Adventure Place,13.6785,79.3502,Forest trail walk. Embark on an exhilarating journey through scenic landscapes and lush greenery. This spot is perfect for nature enthusiasts and thrill-seekers looking to escape the city hustle. Ensure you carry adequate water and wear comfortable trekking shoes.,09:00-21:00,general tirupati tourism,4.0,,,
Akasa Ganga Trail,Adventure Place,13.682,79.345,Scenic hill trek. Embark on an exhilarating journey through scenic landscapes and lush greenery. This spot is perfect for nature enthusiasts and thrill-seekers looking to escape the city hustle. Ensure you carry adequate water and wear comfortable trekking shoes.,09:00-21:00,general tirupati tourism,4.0,,,
Silathoranam Trek,Adventure Place,13.6835,79.3475,Natural arch trek. Embark on an exhilarating journey through scenic landscapes and lush greenery. This spot is perfect for nature enthusiasts and thrill-seekers looking to escape the city hustle. Ensure you carry adequate water and wear comfortable trekking shoes.,09:00-21:00,general tirupati tourism,4.0,,,
Japali Teertham Trek,Adventure Place,13.69,79.36,Forest temple trek. Embark on an exhilarating journey through scenic landscapes and lush greenery. This spot is perfect for nature enthusiasts and thrill-seekers looking to escape the city hustle. Ensure you carry adequate water and wear comfortable trekking shoes.,09:00-21:00,general tirupati tourism,4.0,,,
Deer Park Trail,Adventure Place,13.685,79.355,"Nature walking trail. A fantastic outdoor destination that promises adventure and spectacular natural vistas. Whether you are a beginner or an experienced explorer, the trails here offer something for everyone. A great way to connect with nature.",09:00-21:00,general tirupati tourism,4.0,,,
Seshachalam Hills Trek,Adventure Place,13.7,79.3,"Hill trekking zone. Discover the raw beauty of nature with breathtaking views and challenging terrains. It is an ideal location for photography, group outings, and experiencing the great outdoors. The fresh air and natural serenity are truly rejuvenating.",09:00-21:00,general tirupati tourism,4.0,,,
Talakona Zipline Area,Adventure Place,13.803,79.211,"Zipline adventure activity. A fantastic outdoor destination that promises adventure and spectacular natural vistas. Whether you are a beginner or an experienced explorer, the trails here offer something for everyone. A great way to connect with nature.",09:00-16:00,general tirupati tourism,4.0,,,
Rock Climbing Tirumala,Adventure Place,13.684,79.348,Rock climbing spot. Embark on an exhilarating journey through scenic landscapes and lush greenery. This spot is perfect for nature enthusiasts and thrill-seekers looking to escape the city hustle. Ensure you carry adequate water and wear comfortable trekking shoes.,09:00-21:00,general tirupati tourism,4.0,,,
Forest Camping Talakona,Adventure Place,13.801,79.212,"Overnight camping experience. Discover the raw beauty of nature with breathtaking views and challenging terrains. It is an ideal location for photography, group outings, and experiencing the great outdoors. The fresh air and natural serenity are truly rejuvenating.",18:00-23:59 | 00:00-06:00,general tirupati tourism,4.0,,,
Jungle Safari Talakona,Adventure Place,13.804,79.213,Wildlife safari ride. Embark on an exhilarating journey through scenic landscapes and lush greenery. This spot is perfect for nature enthusiasts and thrill-seekers looking to escape the city hustle. Ensure you carry adequate water and wear comfortable trekking shoes.,09:00-21:00,general tirupati tourism,4.0,,,
Bird Watching Seshachalam,Adventure Place,13.702,79.302,"Bird watching zone. A fantastic outdoor destination that promises adventure and spectacular natural vistas. Whether you are a beginner or an experienced explorer, the trails here offer something for everyone. A great way to connect with nature.",06:00-10:00,general tirupati tourism,4.0,,,
Night Trek Tirumala,Adventure Place,13.6835,79.349,Night trekking experience. Embark on an exhilarating journey through scenic landscapes and lush greenery. This spot is perfect for nature enthusiasts and thrill-seekers looking to escape the city hustle. Ensure you carry adequate water and wear comfortable trekking shoes.,20:00-23:59 | 00:00-04:00,general tirupati tourism,4.0,,,
Eco Trail Talakona,Adventure Place,13.805,79.214,Eco tourism trail. Embark on an exhilarating journey through scenic landscapes and lush greenery. This spot is perfect for nature enthusiasts and thrill-seekers looking to escape the city hustle. Ensure you carry adequate water and wear comfortable trekking shoes.,09:00-21:00,general tirupati tourism,4.0,,,
Tirumala Venkateswara Temple,Temple,13.6833,79.347,Famous pilgrimage temple. A spiritually uplifting destination featuring magnificent ancient architecture and intricate carvings. Thousands of devotees visit daily to seek blessings and experience the divine tranquility. The temple premises are exceptionally well-maintained.,05:00-12:00 | 14:00-22:00,general tirupati tourism,4.0,,,
Kapila Teertham Temple,Temple,13.6358,79.4183,Waterfall shiva temple. This prominent shrine stands as a testament to the regions rich religious heritage. The peaceful surroundings and devotional chants create a mesmerizing atmosphere. Visitors often spend hours marveling at the majestic temple structures.,05:00-12:00 | 14:00-22:00,general tirupati tourism,4.0,,,
Govindaraja Swamy Temple,Temple,13.6288,79.4192,Historic vaishnav temple. This prominent shrine stands as a testament to the regions rich religious heritage. The peaceful surroundings and devotional chants create a mesmerizing atmosphere. Visitors often spend hours marveling at the majestic temple structures.,05:00-12:00 | 14:00-22:00,general tirupati tourism,4.0,,,
Kodandarama Temple,Temple,13.6285,79.4201,Rama temple complex. This prominent shrine stands as a testament to the regions rich religious heritage. The peaceful surroundings and devotional chants create a mesmerizing atmosphere. Visitors often spend hours marveling at the majestic temple structures.,05:00-12:00 | 14:00-22:00,general tirupati tourism,4.0,,,
Padmavathi Temple Tiruchanoor,Temple,13.6075,79.429,Goddess padmavathi temple. Immerse yourself in the profound spiritual energy of this historic sacred site. The rituals and daily prayers offer a glimpse into centuries-old traditions. A must-visit landmark for anyone seeking peace and cultural enrichment.,05:00-12:00 | 14:00-22:00,general tirupati tourism,4.0,,,
ISKCON Tirupati,Temple,13.6295,79.415,Hare krishna temple. A spiritually uplifting destination featuring magnificent ancient architecture and intricate carvings. Thousands of devotees visit daily to seek blessings and experience the divine tranquility. The temple premises are exceptionally well-maintained.,05:00-12:00 | 14:00-22:00,general tirupati tourism,4.0,,,
Varahaswamy Temple,Temple,13.683,79.346,Boar avatar temple. Immerse yourself in the profound spiritual energy of this historic sacred site. The rituals and daily prayers offer a glimpse into centuries-old traditions. A must-visit landmark for anyone seeking peace and cultural enrichment.,05:00-12:00 | 14:00-22:00,general tirupati tourism,4.0,,,
Japali Hanuman Temple,Temple,13.69,79.36,Forest hanuman temple. Immerse yourself in the profound spiritual energy of this historic sacred site. The rituals and daily prayers offer a glimpse into centuries-old traditions. A must-visit landmark for anyone seeking peace and cultural enrichment.,05:00-12:00 | 14:00-22:00,general tirupati tourism,4.0,,,
Sri Bedi Anjaneya Temple,Temple,13.6835,79.3465,Anjaneya temple shrine. Immerse yourself in the profound spiritual energy of this historic sacred site. The rituals and daily prayers offer a glimpse into centuries-old traditions. A must-visit landmark for anyone seeking peace and cultural enrichment.,05:00-12:00 | 14:00-22:00,general tirupati tourism,4.0,,,
Vakula Mata Temple,Temple,13.6905,79.348,Mother of balaji. This prominent shrine stands as a testament to the regions rich religious heritage. The peaceful surroundings and devotional chants create a mesmerizing atmosphere. Visitors often spend hours marveling at the majestic temple structures.,05:00-12:00 | 14:00-22:00,general tirupati tourism,4.0,,,
Kalyana Venkateswara Temple,Temple,13.56,79.3,Srinivasa temple complex. This prominent shrine stands as a testament to the regions rich religious heritage. The peaceful surroundings and devotional chants create a mesmerizing atmosphere. Visitors often spend hours marveling at the majestic temple structures.,05:00-12:00 | 14:00-22:00,general tirupati tourism,4.0,,,
Prasanna Venkateswara Temple,Temple,13.5605,79.301,Ancient temple shrine. This prominent shrine stands as a testament to the regions rich religious heritage. The peaceful surroundings and devotional chants create a mesmerizing atmosphere. Visitors often spend hours marveling at the majestic temple structures.,05:00-12:00 | 14:00-22:00,general tirupati tourism,4.0,,,
Appalayagunta Temple,Temple,13.563,79.295,Venkateswara temple site. This prominent shrine stands as a testament to the regions rich religious heritage. The peaceful surroundings and devotional chants create a mesmerizing atmosphere. Visitors often spend hours marveling at the majestic temple structures.,05:00-12:00 | 14:00-22:00,general tirupati tourism,4.0,,,
Srikalahasti Temple,Temple,13.749,79.703,Famous shiva temple. A spiritually uplifting destination featuring magnificent ancient architecture and intricate carvings. Thousands of devotees visit daily to seek blessings and experience the divine tranquility. The temple premises are exceptionally well-maintained.,05:00-12:00 | 14:00-22:00,general tirupati tourism,4.0,,,
Surutapalli Temple,Temple,13.74,79.9,Sleeping shiva temple. Immerse yourself in the profound spiritual energy of this historic sacred site. The rituals and daily prayers offer a glimpse into centuries-old traditions. A must-visit landmark for anyone seeking peace and cultural enrichment.,05:00-12:00 | 14:00-22:00,general tirupati tourism,4.0,,,
Nagari Temple,Temple,13.32,79.59,Hill temple shrine. This prominent shrine stands as a testament to the regions rich religious heritage. The peaceful surroundings and devotional chants create a mesmerizing atmosphere. Visitors often spend hours marveling at the majestic temple structures.,05:00-12:00 | 14:00-22:00,general tirupati tourism,4.0,,,
Chandragiri Temple,Temple,13.5855,79.3185,Temple near fort. This prominent shrine stands as a testament to the regions rich religious heritage. The peaceful surroundings and devotional chants create a mesmerizing atmosphere. Visitors often spend hours marveling at the majestic temple structures.,05:00-12:00 | 14:00-22:00,general tirupati tourism,4.0,,,
Yoga Narasimha Temple,Temple,13.7005,79.305,Hilltop narasimha temple. Immerse yourself in the profound spiritual energy of this historic sacred site. The rituals and daily prayers offer a glimpse into centuries-old traditions. A must-visit landmark for anyone seeking peace and cultural enrichment.,05:00-12:00 | 14:00-22:00,general tirupati tourism,4.0,,,
Sri Prasanna Venkateswara,Temple,13.561,79.3025,Temple near appalayagunta. This prominent shrine stands as a testament to the regions rich religious heritage. The peaceful surroundings and devotional chants create a mesmerizing atmosphere. Visitors often spend hours marveling at the majestic temple structures.,05:00-12:00 | 14:00-22:00,general tirupati tourism,4.0,,,
Alipiri Temple,Temple,13.628,79.41,Entry temple tirumala. A spiritually uplifting destination featuring magnificent ancient architecture and intricate carvings. Thousands of devotees visit daily to seek blessings and experience the divine tranquility. The temple premises are exceptionally well-maintained.,05:00-12:00 | 14:00-22:00,general tirupati tourism,4.0,,,
Talakona Waterfalls,Sightseeing,13.802,79.21,Highest waterfall region. A wonderful destination offering unique experiences for all visitors. Enjoy the beautiful surroundings and excellent amenities. A highly recommended stop on your Tirupati itinerary.,09:00-21:00,general tirupati tourism,4.0,,,
Kapila Teertham Waterfall,Sightseeing,13.6358,79.4183,Waterfall near temple. A wonderful destination offering unique experiences for all visitors. Enjoy the beautiful surroundings and excellent amenities. A highly recommended stop on your Tirupati itinerary.,09:00-21:00,general tirupati tourism,4.0,,,
Akasa Ganga Waterfalls,Sightseeing,13.682,79.345,Sacred waterfall site. A wonderful destination offering unique experiences for all visitors. Enjoy the beautiful surroundings and excellent amenities. A highly recommended stop on your Tirupati itinerary.,09:00-21:00,general tirupati tourism,4.0,,,
Papavinasam Waterfalls,Sightseeing,13.6785,79.3502,Holy waterfall site. A wonderful destination offering unique experiences for all visitors. Enjoy the beautiful surroundings and excellent amenities. A highly recommended stop on your Tirupati itinerary.,09:00-21:00,general tirupati tourism,4.0,,,
Silathoranam Natural Arch,Sightseeing,13.6835,79.3475,Natural rock arch. A wonderful destination offering unique experiences for all visitors. Enjoy the beautiful surroundings and excellent amenities. A highly recommended stop on your Tirupati itinerary.,09:00-21:00,general tirupati tourism,4.0,,,
Chandragiri Fort,Sightseeing,13.585,79.318,Historic fort view. A wonderful destination offering unique experiences for all visitors. Enjoy the beautiful surroundings and excellent amenities. A highly recommended stop on your Tirupati itinerary.,09:00-17:00,general tirupati tourism,4.0,,,
Deer Park Tirumala,Sightseeing,13.685,79.355,Wildlife viewing park. A wonderful destination offering unique experiences for all visitors. Enjoy the beautiful surroundings and excellent amenities. A highly recommended stop on your Tirupati itinerary.,09:00-21:00,general tirupati tourism,4.0,,,
Seshachalam Hills,Sightseeing,13.7,79.3,Scenic hill range. A wonderful destination offering unique experiences for all visitors. Enjoy the beautiful surroundings and excellent amenities. A highly recommended stop on your Tirupati itinerary.,09:00-21:00,general tirupati tourism,4.0,,,
Tirumala Hills Viewpoint,Sightseeing,13.683,79.35,Panoramic hill views. A wonderful destination offering unique experiences for all visitors. Enjoy the beautiful surroundings and excellent amenities. A highly recommended stop on your Tirupati itinerary.,09:00-21:00,general tirupati tourism,4.0,,,
Japali Teertham,Sightseeing,13.69,79.36,Forest water stream. A wonderful destination offering unique experiences for all visitors. Enjoy the beautiful surroundings and excellent amenities. A highly recommended stop on your Tirupati itinerary.,09:00-21:00,general tirupati tourism,4.0,,,
Talakona Forest Reserve,Sightseeing,13.8015,79.2115,Dense forest area. A wonderful destination offering unique experiences for all visitors. Enjoy the beautiful surroundings and excellent amenities. A highly recommended stop on your Tirupati itinerary.,09:00-21:00,general tirupati tourism,4.0,,,
Sri Vari Padalu,Sightseeing,13.6835,79.3495,Sacred footprints site. A wonderful destination offering unique experiences for all visitors. Enjoy the beautiful surroundings and excellent amenities. A highly recommended stop on your Tirupati itinerary.,09:00-21:00,general tirupati tourism,4.0,,,
Rock Garden Tirumala,Sightseeing,13.684,79.348,Sculpted rock garden. A wonderful destination offering unique experiences for all visitors. Enjoy the beautiful surroundings and excellent amenities. A highly recommended stop on your Tirupati itinerary.,09:00-21:00,general tirupati tourism,4.0,,,
Eco Park Talakona,Sightseeing,13.804,79.213,Eco tourism park. A wonderful destination offering unique experiences for all visitors. Enjoy the beautiful surroundings and excellent amenities. A highly recommended stop on your Tirupati itinerary.,09:00-21:00,general tirupati tourism,4.0,,,
Papavinasam Dam,Sightseeing,13.679,79.351,Dam scenic spot. A wonderful destination offering unique experiences for all visitors. Enjoy the beautiful surroundings and excellent amenities. A highly recommended stop on your Tirupati itinerary.,09:00-21:00,general tirupati tourism,4.0,,,
Gogarbham Dam,Sightseeing,13.6905,79.355,Reservoir scenic views. A wonderful destination offering unique experiences for all visitors. Enjoy the beautiful surroundings and excellent amenities. A highly recommended stop on your Tirupati itinerary.,09:00-21:00,general tirupati tourism,4.0,,,
Srivari Mettu Viewpoint,Sightseeing,13.635,79.345,Trek viewpoint hill. A wonderful destination offering unique experiences for all visitors. Enjoy the beautiful surroundings and excellent amenities. A highly recommended stop on your Tirupati itinerary.,09:00-21:00,general tirupati tourism,4.0,,,
Talakona Canyon View,Sightseeing,13.803,79.212,Canyon forest view. A wonderful destination offering unique experiences for all visitors. Enjoy the beautiful surroundings and excellent amenities. A highly recommended stop on your Tirupati itinerary.,09:00-21:00,general tirupati tourism,4.0,,,
Seshachalam Valley View,Sightseeing,13.702,79.302,Valley scenic point. A wonderful destination offering unique experiences for all visitors. Enjoy the beautiful surroundings and excellent amenities. A highly recommended stop on your Tirupati itinerary.,09:00-21:00,general tirupati tourism,4.0,,,
Tirumala Sunset Point,Sightseeing,13.6845,79.349,Sunset hill viewpoint. A wonderful destination offering unique experiences for all visitors. Enjoy the beautiful surroundings and excellent amenities. A highly recommended stop on your Tirupati itinerary.,17:30-19:00,general tirupati tourism,4.0,,,
Sri Venkateswara Zoological Park,Wildlife,13.6167,79.4373,Large zoo with native and exotic fauna. A wonderful destination offering unique experiences for all visitors. Enjoy the beautiful surroundings and excellent amenities. A highly recommended stop on your Tirupati itinerary.,09:00-17:00,general tirupati tourism,4.0,,,
Deer Park Tirumala,Wildlife,13.685,79.355,Managed deer habitat near hill circuit. A wonderful destination offering unique experiences for all visitors. Enjoy the beautiful surroundings and excellent amenities. A highly recommended stop on your Tirupati itinerary.,06:00-18:00,general tirupati tourism,4.0,,,
Seshachalam Biosphere Buffer Trail,Wildlife,13.705,79.295,Biosphere reserve edge trail for fauna spotting. A wonderful destination offering unique experiences for all visitors. Enjoy the beautiful surroundings and excellent amenities. A highly recommended stop on your Tirupati itinerary.,06:00-18:00,general tirupati tourism,4.0,,,
Talakona Wildlife Zone,Wildlife,13.8042,79.2124,Forest wildlife observation corridor. A wonderful destination offering unique experiences for all visitors. Enjoy the beautiful surroundings and excellent amenities. A highly recommended stop on your Tirupati itinerary.,06:00-18:00,general tirupati tourism,4.0,,,
Mamandur Forest Birding Point,Wildlife,13.983,79.397,Birding and raptor watch area. A wonderful destination offering unique experiences for all visitors. Enjoy the beautiful surroundings and excellent amenities. A highly recommended stop on your Tirupati itinerary.,06:00-11:00 | 15:30-18:30,general tirupati tourism,4.0,,,
Pulicat Lake Birding Jetty,Wildlife,13.544,80.179,Migratory bird wetland viewpoint. A wonderful destination offering unique experiences for all visitors. Enjoy the beautiful surroundings and excellent amenities. A highly recommended stop on your Tirupati itinerary.,06:00-10:30 | 16:00-18:30,general tirupati tourism,4.0,,,
Nelapattu Bird Sanctuary View Deck,Wildlife,13.586,79.98,Seasonal flamingo and pelican habitat. A wonderful destination offering unique experiences for all visitors. Enjoy the beautiful surroundings and excellent amenities. A highly recommended stop on your Tirupati itinerary.,06:00-18:00,general tirupati tourism,4.0,,,
Ubbalamadugu Forest Edge,Wildlife,13.455,79.955,Forest stream zone with reptile and bird sightings. A wonderful destination offering unique experiences for all visitors. Enjoy the beautiful surroundings and excellent amenities. A highly recommended stop on your Tirupati itinerary.,06:00-17:30,general tirupati tourism,4.0,,,
Kailasakona Forest Falls Belt,Wildlife,13.611,79.505,Moist forest patch with butterflies and birds. A wonderful destination offering unique experiences for all visitors. Enjoy the beautiful surroundings and excellent amenities. A highly recommended stop on your Tirupati itinerary.,06:00-18:00,general tirupati tourism,4.0,,,
Akkarampalli Eco Forest Patch,Wildlife,13.644,79.434,Urban edge eco patch with small mammals and birds. A wonderful destination offering unique experiences for all visitors. Enjoy the beautiful surroundings and excellent amenities. A highly recommended stop on your Tirupati itinerary.,06:00-18:00,general tirupati tourism,4.0,,,
Kapila Teertham Eco Habitat,Wildlife,13.6358,79.4183,Waterfall habitat with monkeys and hill birds. A wonderful destination offering unique experiences for all visitors. Enjoy the beautiful surroundings and excellent amenities. A highly recommended stop on your Tirupati itinerary.,06:00-18:00,general tirupati tourism,4.0,,,
Papavinasam Forest Stretch,Wildlife,13.6788,79.3507,Thick forest belt with occasional deer sightings. A wonderful destination offering unique experiences for all visitors. Enjoy the beautiful surroundings and excellent amenities. A highly recommended stop on your Tirupati itinerary.,06:00-18:00,general tirupati tourism,4.0,,,
Japali Teertham Forest Habitat,Wildlife,13.6905,79.3604,Forest habitat around sacred water stream. A wonderful destination offering unique experiences for all visitors. Enjoy the beautiful surroundings and excellent amenities. A highly recommended stop on your Tirupati itinerary.,06:00-18:00,general tirupati tourism,4.0,,,
Silathoranam Natural Habitat,Wildlife,13.6835,79.3475,Scrub forest habitat with peafowl and small fauna. A wonderful destination offering unique experiences for all visitors. Enjoy the beautiful surroundings and excellent amenities. A highly recommended stop on your Tirupati itinerary.,06:00-18:00,general tirupati tourism,4.0,,,
Tirumala Ghat Road Monkey Zone,Wildlife,13.671,79.367,Hill road biodiversity belt with primates and birds. A wonderful destination offering unique experiences for all visitors. Enjoy the beautiful surroundings and excellent amenities. A highly recommended stop on your Tirupati itinerary.,06:00-18:00,general tirupati tourism,4.0,,,
Chandragiri Reserve Patch,Wildlife,13.587,79.319,Mixed dry forest near fort reserve fringe. A wonderful destination offering unique experiences for all visitors. Enjoy the beautiful surroundings and excellent amenities. A highly recommended stop on your Tirupati itinerary.,06:00-18:00,general tirupati tourism,4.0,,,
Sri Vari Mettu Eco Corridor,Wildlife,13.636,79.346,Eco corridor with woodland fauna activity. A wonderful destination offering unique experiences for all visitors. Enjoy the beautiful surroundings and excellent amenities. A highly recommended stop on your Tirupati itinerary.,06:00-18:00,general tirupati tourism,4.0,,,
Seshachalam Valley Bird Point,Wildlife,13.702,79.302,Valley canopy birdwatch and raptor glide point. A wonderful destination offering unique experiences for all visitors. Enjoy the beautiful surroundings and excellent amenities. A highly recommended stop on your Tirupati itinerary.,06:00-18:00,general tirupati tourism,4.0,,,
Renigunta Wetland Bird Spot,Wildlife,13.651,79.514,Wetland fringe with herons and storks. A wonderful destination offering unique experiences for all visitors. Enjoy the beautiful surroundings and excellent amenities. A highly recommended stop on your Tirupati itinerary.,06:00-18:00,general tirupati tourism,4.0,,,
Talakona Bamboo Grove Zone,Wildlife,13.806,79.215,Bamboo grove habitat with butterflies and birdlife. A wonderful destination offering unique experiences for all visitors. Enjoy the beautiful surroundings and excellent amenities. A highly recommended stop on your Tirupati itinerary.,06:00-18:00,general tirupati tourism,4.0,,,
,,,,. A wonderful destination offering unique experiences for all visitors. Enjoy the beautiful surroundings and excellent amenities. A highly recommended stop on your Tirupati itinerary.,,general tirupati tourism,4.0,24 Hours,,
,,,,. A wonderful destination offering unique experiences for all visitors. Enjoy the beautiful surroundings and excellent amenities. A highly recommended stop on your Tirupati itinerary.,,general tirupati tourism,4.0,24 Hours,,
,,,,. A wonderful destination offering unique experiences for all visitors. Enjoy the beautiful surroundings and excellent amenities. A highly recommended stop on your Tirupati itinerary.,,general tirupati tourism,4.0,24 Hours,,
,,,,. A wonderful destination offering unique experiences for all visitors. Enjoy the beautiful surroundings and excellent amenities. A highly recommended stop on your Tirupati itinerary.,,general tirupati tourism,4.0,24 Hours,,
,,,,. A wonderful destination offering unique experiences for all visitors. Enjoy the beautiful surroundings and excellent amenities. A highly recommended stop on your Tirupati itinerary.,,general tirupati tourism,4.0,24 Hours,,
,,,,. A wonderful destination offering unique experiences for all visitors. Enjoy the beautiful surroundings and excellent amenities. A highly recommended stop on your Tirupati itinerary.,,general tirupati tourism,4.0,24 Hours,,
,,,,. A wonderful destination offering unique experiences for all visitors. Enjoy the beautiful surroundings and excellent amenities. A highly recommended stop on your Tirupati itinerary.,,general tirupati tourism,4.0,24 Hours,,
,,,,. A wonderful destination offering unique experiences for all visitors. Enjoy the beautiful surroundings and excellent amenities. A highly recommended stop on your Tirupati itinerary.,,general tirupati tourism,4.0,24 Hours,,
,,,,. A wonderful destination offering unique experiences for all visitors. Enjoy the beautiful surroundings and excellent amenities. A highly recommended stop on your Tirupati itinerary.,,general tirupati tourism,4.0,24 Hours,,
,,,,. A wonderful destination offering unique experiences for all visitors. Enjoy the beautiful surroundings and excellent amenities. A highly recommended stop on your Tirupati itinerary.,,general tirupati tourism,4.0,24 Hours,,
,,,,. A wonderful destination offering unique experiences for all visitors. Enjoy the beautiful surroundings and excellent amenities. A highly recommended stop on your Tirupati itinerary.,,general tirupati tourism,4.0,24 Hours,,
,,,,. A wonderful destination offering unique experiences for all visitors. Enjoy the beautiful surroundings and excellent amenities. A highly recommended stop on your Tirupati itinerary.,,general tirupati tourism,4.0,24 Hours,,
,,,,. A wonderful destination offering unique experiences for all visitors. Enjoy the beautiful surroundings and excellent amenities. A highly recommended stop on your Tirupati itinerary.,,general tirupati tourism,4.0,24 Hours,,
,,,,. A wonderful destination offering unique experiences for all visitors. Enjoy the beautiful surroundings and excellent amenities. A highly recommended stop on your Tirupati itinerary.,,general tirupati tourism,4.0,24 Hours,,
,,,,. A wonderful destination offering unique experiences for all visitors. Enjoy the beautiful surroundings and excellent amenities. A highly recommended stop on your Tirupati itinerary.,,general tirupati tourism,4.0,24 Hours,,
,,,,. A wonderful destination offering unique experiences for all visitors. Enjoy the beautiful surroundings and excellent amenities. A highly recommended stop on your Tirupati itinerary.,,general tirupati tourism,4.0,24 Hours,,
,,,,. A wonderful destination offering unique experiences for all visitors. Enjoy the beautiful surroundings and excellent amenities. A highly recommended stop on your Tirupati itinerary.,,general tirupati tourism,4.0,24 Hours,,
,,,,. A wonderful destination offering unique experiences for all visitors. Enjoy the beautiful surroundings and excellent amenities. A highly recommended stop on your Tirupati itinerary.,,general tirupati tourism,4.0,24 Hours,,
,,,,. A wonderful destination offering unique experiences for all visitors. Enjoy the beautiful surroundings and excellent amenities. A highly recommended stop on your Tirupati itinerary.,,general tirupati tourism,4.0,24 Hours,,
,,,,. A wonderful destination offering unique experiences for all visitors. Enjoy the beautiful surroundings and excellent amenities. A highly recommended stop on your Tirupati itinerary.,,general tirupati tourism,4.0,24 Hours,,
